{
  "abdominal distention": 30.57038116455078,
  "abdominal_pain": 16.879175186157227,
  "abnormal appearing skin": 1.8982164859771729,
  "abnormal breathing sounds": 8.62506103515625,
  "abnormal involuntary movements": 7.3729400634765625,
  "abnormal movement of eyelid": 12.656594276428223,
  "abnormal_menstruation": 89.84138488769531,
  "absence of menstruation": 15.136079788208008,
  "abusing alcohol": 7.169829845428467,
  "ache all over": 4.614386081695557,
  "acidity": 145.7061004638672,
  "acne or pimples": 5.835691452026367,
  "acute_liver_failure": 37.5902099609375,
  "allergic reaction": 5.912786960601807,
  "altered_sensorium": 144.82615661621094,
  "ankle pain": 4.265506267547607,
  "ankle swelling": 6.418125629425049,
  "ankle weakness": 36.3135986328125,
  "antisocial behavior": 6.7179646492004395,
  "anxiety": 188.79901123046875,
  "anxiety and nervousness": 5.764612674713135,
  "apnea": 11.049688339233398,
  "arm lump or mass": 6.368322372436523,
  "arm pain": 3.1208407878875732,
  "arm stiffness or tightness": 13.139867782592773,
  "arm swelling": 14.754006385803223,
  "arm weakness": 12.590704917907715,
  "back cramps or spasms": 19.596895217895508,
  "back mass or lump": 9.527094841003418,
  "back pain": 2.5155820846557617,
  "back stiffness or tightness": 28.39171600341797,
  "back weakness": 33.92903137207031,
  "back_pain": 26.166414260864258,
  "bedwetting": 18.503374099731445,
  "belly_pain": 92.88703918457031,
  "blackheads": 60.8027458190918,
  "bladder mass": 13.69455623626709,
  "bladder_discomfort": 69.75492095947266,
  "bleeding from ear": 9.940978050231934,
  "bleeding from eye": 16.171297073364258,
  "bleeding gums": 6.840698719024658,
  "bleeding or discharge from nipple": 15.650031089782715,
  "blindness": 6.57208251953125,
  "blister": 34.5350456237793,
  "blood clots during menstrual periods": 4.29258918762207,
  "blood in stool": 5.8547563552856445,
  "blood in urine": 3.9366579055786133,
  "blood_in_sputum": 84.0163803100586,
  "bloody_stool": 281.48529052734375,
  "blurred_and_distorted_vision": 243.19244384765625,
  "bones are painful": 11.697599411010742,
  "bowlegged or knock-kneed": 21.562908172607422,
  "breathing fast": 40.266902923583984,
  "breathlessness": 96.43173217773438,
  "brittle_nails": 67.75030517578125,
  "bruising": 62.441070556640625,
  "bumps on penis": 25.03017234802246,
  "burning abdominal pain": 2.8441593647003174,
  "burning chest pain": 17.909666061401367,
  "burning_micturition": 134.5199737548828,
  "changes in stool appearance": 10.156079292297363,
  "chest tightness": 4.164419651031494,
  "chest_pain": 74.37413024902344,
  "chills": 6.356128692626953,
  "cloudy eye": 13.505983352661133,
  "coma": 62.847068786621094,
  "congestion": 89.90277099609375,
  "congestion in chest": 11.222843170166016,
  "constipation": 7.423796653747559,
  "continuous_feel_of_urine": 88.1431884765625,
  "continuous_sneezing": 382.3105773925781,
  "coryza": 3.2735068798065186,
  "cough": 4.58105993270874,
  "coughing up sputum": 9.244040489196777,
  "cramps": 36.181182861328125,
  "cramps and spasms": 3.250178337097168,
  "cross-eyed": 42.11663818359375,
  "dark_urine": 128.53326416015625,
  "decreased appetite": 7.045191287994385,
  "decreased heart rate": 8.283087730407715,
  "dehydration": 59.21892166137695,
  "delusions or hallucinations": 1.8703652620315552,
  "depression": 4.01823616027832,
  "depressive or psychotic symptoms": 5.0943427085876465,
  "diaper rash": 13.626164436340332,
  "diarrhea": 3.8469605445861816,
  "diarrhoea": 158.1519775390625,
  "difficulty breathing": 4.195508003234863,
  "difficulty eating": 19.103626251220703,
  "difficulty in swallowing": 9.7307767868042,
  "difficulty speaking": 10.442492485046387,
  "diminished hearing": 8.462958335876465,
  "diminished vision": 3.031248092651367,
  "dischromic _patches": 86.2664794921875,
  "distention_of_abdomen": 32.56559371948242,
  "disturbance of memory": 5.865143299102783,
  "dizziness": 5.261340141296387,
  "double vision": 7.00706672668457,
  "drainage in throat": 17.016130447387695,
  "drug abuse": 6.560683250427246,
  "dry lips": 46.144142150878906,
  "dry or flaky scalp": 27.496017456054688,
  "drying_and_tingling_lips": 304.1311950683594,
  "ear pain": 3.634016990661621,
  "early or late onset of menopause": 59.09433364868164,
  "elbow pain": 7.383791923522949,
  "elbow swelling": 9.607144355773926,
  "elbow weakness": 32.57896041870117,
  "emotional symptoms": 27.791738510131836,
  "enlarged_thyroid": 46.98281478881836,
  "excessive anger": 2.6233580112457275,
  "excessive appetite": 24.692235946655273,
  "excessive growth": 34.1252555847168,
  "excessive urination at night": 7.411457061767578,
  "excessive_hunger": 12.862839698791504,
  "extra_marital_contacts": 102.91009521484375,
  "eye burns or stings": 7.812661170959473,
  "eye deviation": 16.690841674804688,
  "eye moves abnormally": 23.901060104370117,
  "eye redness": 2.2884881496429443,
  "eyelid lesion or rash": 30.98838996887207,
  "eyelid swelling": 11.018508911132812,
  "facial pain": 3.921156406402588,
  "fainting": 9.053625106811523,
  "family_history": 94.52325439453125,
  "fast_heart_rate": 1287.564453125,
  "fatigue": 4.678258895874023,
  "fears and phobias": 4.756740570068359,
  "feeling cold": 31.92485237121582,
  "feeling ill": 14.899677276611328,
  "fever": 1.989471197128296,
  "flatulence": 32.58701705932617,
  "flu-like syndrome": 19.951995849609375,
  "fluid in ear": 3.300626754760742,
  "fluid retention": 6.363919258117676,
  "fluid_overload.1": 84.94393157958984,
  "flushing": 33.70066833496094,
  "focal weakness": 5.958769798278809,
  "foot or toe lump or mass": 20.364376068115234,
  "foot or toe pain": 5.2596893310546875,
  "foot or toe stiffness or tightness": 32.77734375,
  "foot or toe swelling": 6.1945672035217285,
  "foot or toe weakness": 15.235528945922852,
  "foreign body sensation in eye": 3.888958215713501,
  "foul_smell_of urine": 6.810084342956543,
  "frequent menstruation": 9.245285034179688,
  "frequent urination": 5.804465293884277,
  "frontal headache": 14.026921272277832,
  "groin mass": 16.153873443603516,
  "groin pain": 7.153251647949219,
  "gum pain": 3.0279431343078613,
  "hand or finger cramps or spasms": 30.76175880432129,
  "hand or finger lump or mass": 13.980842590332031,
  "hand or finger pain": 7.952470779418945,
  "hand or finger stiffness or tightness": 15.369037628173828,
  "hand or finger swelling": 9.47581958770752,
  "hand or finger weakness": 16.798959732055664,
  "headache": 3.4422223567962646,
  "heartburn": 8.511563301086426,
  "heavy menstrual flow": 3.0546658039093018,
  "hemoptysis": 14.587833404541016,
  "hesitancy": 12.483660697937012,
  "high_fever": 33.511741638183594,
  "hip pain": 5.050084590911865,
  "hip stiffness or tightness": 45.81620407104492,
  "hip_joint_pain": 65.94489288330078,
  "history_of_alcohol_consumption": 123.29505157470703,
  "hoarse voice": 12.805108070373535,
  "hostile behavior": 4.039420127868652,
  "hot flashes": 23.877187728881836,
  "hurts to breath": 9.259589195251465,
  "hysterical behavior": 9.476568222045898,
  "impotence": 8.788778305053711,
  "incontinence of stool": 99.8775863647461,
  "increased heart rate": 4.717837810516357,
  "increased_appetite": 114.7252426147461,
  "indigestion": 208.16798400878906,
  "infant feeding problem": 22.7486572265625,
  "infant spitting up": 19.7286376953125,
  "infertility": 8.698073387145996,
  "inflammatory_nails": 111.29584503173828,
  "insomnia": 6.743889808654785,
  "intermenstrual bleeding": 5.6648850440979,
  "internal_itching": 103.29904174804688,
  "involuntary urination": 8.860188484191895,
  "irregular appearing nails": 7.331226825714111,
  "irregular appearing scalp": 4.2399091720581055,
  "irregular belly button": 64.39317321777344,
  "irregular heartbeat": 6.834267616271973,
  "irritability": 17.546398162841797,
  "irritable infant": 19.22447967529297,
  "irritation_in_anus": 60.39873504638672,